Application Name,Owning Group,BMC Remedy Queue,New Structure Remedy Queue
,,,
1 Business Post Office v3.16,SAP,GCC SAP,CORP SAP
2100 Bioanalyser,GenApps,GCC General Apps,GCC Line of Business
3D Analyst,GenApps,GCC General Apps,GCC Line of Business
3D Max v8,GenApps,GCC General Apps,GCC Line of Business
3Sixty,Parking,GCC Parking,GCC Line of Business
3sixty Citizen,Parking,GCC Parking,GCC Line of Business
4th Floor Flexi System,Glasgow Life,GCC Glasgow Life Apps,GCC Line of Business
7 Zip File Manager,Desktop,GCC Desktop Model Office,DLM Scotland
ABBY FineReader,Desktop,GCC Desktop Model Office,DLM Scotland
Academy Desktop,Finance,GCC Fin & Citizen,GCC Citizen Centric
Academy Launcher v6.0,Finance,GCC Fin & Citizen,GCC Citizen Centric
Academy NDR,Finance,GCC Fin & Citizen,GCC Citizen Centric
Academy QA Module,Finance,GCC Fin & Citizen,GCC Citizen Centric
Access Runtime v2010,Desktop,GCC Desktop Model Office,DLM Scotland
Access v2010,Desktop,GCC Desktop Model Office,DLM Scotland
Accounts Payable Workbench,SAP,GCC SAP,CORP SAP
ACL v7.12,Finance,GCC Fin & Citizen,GCC Citizen Centric
Acrobat Professional v11,Desktop,GCC Desktop Model Office,DLM Scotland
Actuate,Social Care,GCC Social Care,GCC Citizen Centric
Actuate e.report designer professional,Social Care,GCC Social Care,GCC Citizen Centric
AD Info,Desktop,GCC Desktop Model Office,DLM Scotland
ADAPT v1.3,SAP,GCC SAP,CORP SAP
Address Gazateer,Cordia,GCC Cordia Infrastructure,GCC Digital Dev Team
ADMS-Urban,GenApps,GCC General Apps,GCC Line of Business
"Adobe Acrobat CC Suite (Cloud version, including InDesign, Bridge, Photoshop, Illiustrator)",Glasgow Life,GCC Glasgow Life Apps,GCC Line of Business
Adobe Bridge,Desktop,GCC Desktop Model Office,DLM Scotland
Adobe Extension Mgr,Desktop,GCC Desktop Model Office,DLM Scotland
Adobe Fireworks,Desktop,GCC Desktop Model Office,DLM Scotland
Adobe illustrator,Desktop,GCC Desktop Model Office,DLM Scotland
Adobe InDesign,Desktop,GCC Desktop Model Office,DLM Scotland
Adobe Photoshop,Desktop,GCC Desktop Model Office,DLM Scotland
Adobe Pro,Desktop,GCC Desktop Model Office,DLM Scotland
Advantage Database Server,GenApps,GCC General Apps,GCC Line of Business
Advice Pro,Desktop,GCC Desktop Model Office,DLM Scotland
AdviserNet,GenApps,GCC General Apps,GCC Line of Business
AIMS.net v1.4.3799,GenApps,GCC General Apps,GCC Line of Business
AIRE for Paramics,GenApps,GCC General Apps,GCC Line of Business
AirQ for Windows v1.12,GenApps,GCC General Apps,GCC Line of Business
AIX v4.3,Infrastructure,GCC Infrastructure Triage,GCC Infrastructure Triage
Alarm Master Premium v3.04,Glasgow Life,GCC Glasgow Life Apps,GCC Line of Business
Alba,GenApps,GCC General Apps,GCC Line of Business
Alpha Anywhere Developer,Finance,GCC Fin & Citizen,GCC Citizen Centric
Alpha AnyWhere Runtime,Finance,GCC Fin & Citizen,GCC Citizen Centric
Altair,Finance,GCC Fin & Citizen,GCC Citizen Centric
Altair Management Toolkit,Finance,GCC Fin & Citizen,GCC Citizen Centric
Altair Scanning,Finance,GCC Fin & Citizen,GCC Citizen Centric
AMDIS v2,GenApps,GCC General Apps,GCC Line of Business
Analytical Information Systems LIMS v6.86,GenApps,GCC General Apps,GCC Line of Business
Andover Continuum,Glasgow Life,GCC Glasgow Life Apps,GCC Line of Business
Apache Directory Studio,Infrastructure,GCC Infrastructure Triage,GCC Infrastructure Triage
Apilab Plus v3.3,GenApps,GCC General Apps,GCC Line of Business
AQC204 v2.04.32,Desktop,GCC Desktop Model Office,DLM Scotland
AquaKem Software v6.5.1,GenApps,GCC General Apps,GCC Line of Business
ARC Connect Operator 5.1.3.1088,Infrastructure,GCC Infrastructure Triage,GCC Infrastructure Triage
ARC Connect Wallboard,Infrastructure,GCC Infrastructure Triage,GCC Infrastructure Triage
ARC Supervisor Connect,Infrastructure,GCC Infrastructure Triage,GCC Infrastructure Triage
Arcady v6.2,GenApps,GCC General Apps,GCC Line of Business
ArcCatalogue A,GenApps,GCC General Apps,GCC Line of Business
ArcGIS,GenApps,GCC General Apps,GCC Line of Business
ArcGIS Desktop EDITOR v10.2.3,GenApps,GCC General Apps,GCC Line of Business
ArchieM,GenApps,GCC General Apps,GCC Line of Business
ArcSDE (Caps_sde) v9.2,GenApps,GCC General Apps,GCC Line of Business
Arena,Glasgow Life,GCC Glasgow Life Apps,GCC Line of Business
Arena Schools,Glasgow Life,GCC Glasgow Life Apps,GCC Line of Business
Artifax - Community Lettings,Glasgow Life,GCC Glasgow Life Apps,GCC Line of Business
Artifax - Cultural Venues,Glasgow Life,GCC Glasgow Life Apps,GCC Line of Business
Artisan v2014,GenApps,GCC General Apps,GCC Line of Business
Arts & Museums Visitors,Glasgow Life,GCC Glasgow Life Apps,GCC Line of Business
ASH/Aspien Debt Recovery Solution v4.0.1.55,Finance,GCC Fin & Citizen,GCC Citizen Centric
ASP Sports Access Barriers,Glasgow Life,GCC Glasgow Life Apps,GCC Line of Business
Assessors Core,Finance,GCC Fin & Citizen,GCC Citizen Centric
Astec,Cordia,GCC Cordia Infrastructure,GCC Digital Dev Team
AsureAdmin,GenApps,GCC General Apps,GCC Line of Business
Attendance Analysis,iWeb,GCC iWeb,GCC Digital Dev Team
AutoCAD Civil 3D,GenApps,GCC General Apps,GCC Line of Business
Autodesk 3D MAX 2014,GenApps,GCC General Apps,GCC Line of Business
Autodesk Autocad DWG TrueView 2013,GenApps,GCC General Apps,GCC Line of Business
Autodesk Autocad LT v2014 - 64 Bit,GenApps,GCC General Apps,GCC Line of Business
Autodesk Autocad Map 3d (64bit),GenApps,GCC General Apps,GCC Line of Business
Autodesk Autocad v2014 - 64 Bit,GenApps,GCC General Apps,GCC Line of Business
Autodesk Building Design Suite Premium (BDSP),Desktop,GCC Desktop Model Office,DLM Scotland
Autodesk Design Review v2013,GenApps,GCC General Apps,GCC Line of Business
Autodesk Infrastructure Design Suite Premium,GenApps,GCC General Apps,GCC Line of Business
Autodesk Infrastructure Design suite Standard,GenApps,GCC General Apps,GCC Line of Business
Autodesk NavisWorks,Desktop,GCC Desktop Model Office,DLM Scotland
Autodesk RealDWG,GenApps,GCC General Apps,GCC Line of Business
Autodesk ReCap,Desktop,GCC Desktop Model Office,DLM Scotland
Autodesk Revit Structure,GenApps,GCC General Apps,GCC Line of Business
Autodesk Structural Bridge Design,GenApps,GCC General Apps,GCC Line of Business
Autodesk Vehicle Tracking( ex Autotrack v9),GenApps,GCC General Apps,GCC Line of Business
AXIS,Desktop,GCC Desktop Model Office,DLM Scotland
B2B Gateway,SAP,GCC SAP,CORP SAP
Backup Exec for Windows Servers v10,Infrastructure,GCC Infrastructure Triage,GCC Infrastructure Triage
BACSactive-IP v2.0.26,Finance,GCC Fin & Citizen,GCC Citizen Centric
BACSactive-IP v2.0.26 Client Support,Finance,GCC Fin & Citizen,GCC Citizen Centric
Bacway Professional,Desktop,GCC Desktop Model Office,DLM Scotland
Barcode reader,Desktop,GCC Desktop Model Office,DLM Scotland
BaseCamp,Glasgow Life,GCC Glasgow Life Apps,GCC Line of Business
BC HMO3,GenApps,GCC General Apps,GCC Line of Business
BECS,Finance,GCC Fin & Citizen,GCC Citizen Centric
Bentley MXRoad V8i Select Series 3,GenApps,GCC General Apps,GCC Line of Business
BG-Base v6.4,GenApps,GCC General Apps,GCC Line of Business
Bibliotheca,Glasgow Life,GCC Glasgow Life Apps,GCC Line of Business
Blaze Software,GenApps,GCC General Apps,GCC Line of Business
Boldon James Classifier,DocMan,GCC Document Management,CORP EDRMS
Boldon James Outlook Classifier,DocMan,GCC Document Management,CORP EDRMS
Bonjour,Desktop,GCC Desktop Model Office,DLM Scotland
Box Office,Glasgow Life,GCC Glasgow Life Apps,GCC Line of Business
BPH data load to Open Galaxy,Glasgow Life,GCC Glasgow Life Apps,GCC Line of Business
Brief Your Market (MRM Integration),Glasgow Life,GCC Glasgow Life Apps,GCC Line of Business
Bulk Uplift Mobile App,iWeb,GCC iWeb,GCC Digital Dev Team
Business Objects V4,Data Analytics,GCC SAP BIA,CORP Data Analytics Team
C4 Complaints System,iWeb,GCC iWeb,GCC Digital Dev Team
CA Traffic,GenApps,GCC General Apps,GCC Line of Business
Calculon,Social Care,GCC Social Care,GCC Citizen Centric
CALM,Glasgow Life,GCC Glasgow Life Apps,GCC Line of Business
CALM View,Glasgow Life,GCC Glasgow Life Apps,GCC Line of Business
Canon MP Navigator Ex 1.0,Desktop,GCC Desktop Model Office,DLM Scotland
Car Park Barriers (Sports),Glasgow Life,GCC Glasgow Life Apps,GCC Line of Business
Carbon Monoxide Recording Software,Desktop,GCC Desktop Model Office,DLM Scotland
Care Data Warehouse Load,Cordia,GCC Cordia Infrastructure,GCC Digital Dev Team
Care Invoicing,Cordia,GCC Cordia Infrastructure,GCC Digital Dev Team
CareFirst v6.11,Social Care,GCC Social Care,GCC Citizen Centric
CareKnowledge,Social Care,GCC Social Care,GCC Citizen Centric
Caremobile,Social Care,GCC Social Care,GCC Citizen Centric
Caresafe cubes,Cordia,GCC Cordia Infrastructure,GCC Digital Dev Team
careSafe Desktop,Cordia,GCC Cordia Infrastructure,GCC Digital Dev Team
careSafe Mobile,Cordia,GCC Cordia Infrastructure,GCC Digital Dev Team
CareTracker v1.29,Cordia,GCC Cordia Infrastructure,GCC Digital Dev Team
Cascade,Glasgow Life,GCC Glasgow Life Apps,GCC Line of Business
Cash Receipting System v2.0.37,Finance,GCC Fin & Citizen,GCC Citizen Centric
CCX Editor,Infrastructure,GCC Infrastructure Triage,GCC Infrastructure Triage
CEP,Cordia,GCC Cordia Infrastructure,GCC Digital Dev Team
Certificates Online,iWeb,GCC iWeb,GCC Digital Dev Team
Change Routing,Cordia,GCC Cordia Infrastructure,GCC Digital Dev Team
Children and Families,Cordia,GCC Cordia Infrastructure,GCC Digital Dev Team
Chromeleon (Liquid/GAS) v6.8,GenApps,GCC General Apps,GCC Line of Business
CHS,Social Care,GCC Social Care,GCC Citizen Centric
Cisco Agent Desktop,Infrastructure,GCC Infrastructure Triage,GCC Infrastructure Triage
Cisco AnyConnect,Infrastructure,GCC Infrastructure Triage,GCC Infrastructure Triage
Cisco AppAdmin,Infrastructure,GCC Infrastructure Triage,GCC Infrastructure Triage
Cisco Call Manager (CUCM),Infrastructure,GCC Infrastructure Triage,GCC Infrastructure Triage
Cisco Call Manager Real Time Monitoring Tool,Infrastructure,GCC Infrastructure Triage,GCC Infrastructure Triage
Cisco Desktop Administrator,Infrastructure,GCC Infrastructure Triage,GCC Infrastructure Triage
Cisco IP Communicator,Desktop,GCC Desktop Model Office,DLM Scotland
Cisco Supervisor Desktop,Infrastructure,GCC Infrastructure Triage,GCC Infrastructure Triage
CISCO UCCX V7.5,Infrastructure,GCC Infrastructure Triage,GCC Infrastructure Triage
Cisco Unity Connection,Infrastructure,GCC Infrastructure Triage,GCC Infrastructure Triage
Citizen Account -IDP,Cordia,GCC Cordia Infrastructure,GCC Digital Dev Team
Citrix Xenapps (used for CASCADE),Glasgow Life,GCC Glasgow Life Apps,GCC Line of Business
ClearView,Desktop,GCC Desktop Model Office,DLM Scotland
Cognisoft - IO,Desktop,GCC Desktop Model Office,DLM Scotland
COINS (Committee Information Mgt),iWeb,GCC iWeb,GCC Digital Dev Team
Collections Navigator,Glasgow Life,GCC Glasgow Life Apps,GCC Line of Business
Colony Allotment 3.03.2,GenApps,GCC General Apps,GCC Line of Business
Colour Track,Desktop,GCC Desktop Model Office,DLM Scotland
Commend,Parking,GCC Parking,GCC Line of Business
Common Housing Register,Social Care,GCC Social Care,GCC Citizen Centric
Commsware,Infrastructure,GCC Infrastructure Triage,GCC Infrastructure Triage
Community Facilities Usage & Lets,Glasgow Life,GCC Glasgow Life Apps,GCC Line of Business
Community Safety Glasgow,iWeb,GCC iWeb,GCC Digital Dev Team
CommVault,Glasgow Life,GCC Glasgow Life Apps,GCC Line of Business
Compass,Cordia,GCC Cordia Infrastructure,GCC Digital Dev Team
Connect Intranet,iWeb,GCC iWeb,GCC Digital Dev Team
Consumer Direct 7.4,GenApps,GCC General Apps,GCC Line of Business
Contract Management Solution,SAP,GCC SAP,CORP SAP
Control ES v7.02,GenApps,GCC General Apps,GCC Line of Business
Conventions Intranet,Glasgow Life,GCC Glasgow Life Apps,GCC Line of Business
Convert SAP Data to Braille,Desktop,GCC Desktop Model Office,DLM Scotland
Cordia TASS,Cordia,GCC Cordia Infrastructure,GCC Digital Dev Team
Corel Draw,Desktop,GCC Desktop Model Office,DLM Scotland
Corporate Address Gazetteer (Uniform),GenApps,GCC General Apps,GCC Line of Business
CORPSES,iWeb,GCC iWeb,GCC Digital Dev Team
Costing / Labour Allocation,GenApps,GCC General Apps,GCC Line of Business
Creative Suite v6,Desktop,GCC Desktop Model Office,DLM Scotland
CreditCall,GenApps,GCC General Apps,GCC Line of Business
Crowcon,GenApps,GCC General Apps,GCC Line of Business
Crystal Reports,Glasgow Life,GCC Glasgow Life Apps,GCC Line of Business
Crystal Reports V9 Components for Hevacomp A,Desktop,GCC Desktop Model Office,DLM Scotland
Crystal Reports V9 Components for Hevacomp B,Desktop,GCC Desktop Model Office,DLM Scotland
Crystal Reports Viewer,Cordia,GCC Cordia Infrastructure,GCC Digital Dev Team
CSC Orion,Desktop,GCC Desktop Model Office,DLM Scotland
CT710 Driver,Desktop,GCC Desktop Model Office,DLM Scotland
Cube,Desktop,GCC Desktop Model Office,DLM Scotland
Customer Comments (2004 - 2006),Glasgow Life,GCC Glasgow Life Apps,GCC Line of Business
Customer Comments (2007 - 2010),Glasgow Life,GCC Glasgow Life Apps,GCC Line of Business
Cyberlink,Desktop,GCC Desktop Model Office,DLM Scotland
Cygnum,GenApps,GCC General Apps,GCC Line of Business
Cygwin DLL,Desktop,GCC Desktop Model Office,DLM Scotland
Cymap,Desktop,GCC Desktop Model Office,DLM Scotland
DAM,Glasgow Life,GCC Glasgow Life Apps,GCC Line of Business
Data Center Security Server (DCSS),Glasgow Life,GCC Glasgow Life Apps,GCC Line of Business
Data Exchange,Cordia,GCC Cordia Infrastructure,GCC Digital Dev Team
Data Manager (Experian),Glasgow Life,GCC Glasgow Life Apps,GCC Line of Business
DataEase v4.53,GenApps,GCC General Apps,GCC Line of Business
DataTrack Supervisor v8.4.7.7,GenApps,GCC General Apps,GCC Line of Business
DCN Voting System,iWeb,GCC iWeb,GCC Digital Dev Team
Deep Freeze Administrator - Enterprise 10,Desktop,GCC Desktop Model Office,DLM Scotland
DEMS360,Parking,GCC Parking,GCC Line of Business
Desigo Insight,Glasgow Life,GCC Glasgow Life Apps,GCC Line of Business
Development Control Practice,GenApps,GCC General Apps,GCC Line of Business
DGN Viewer,Desktop,GCC Desktop Model Office,DLM Scotland
DIALux,GenApps,GCC General Apps,GCC Line of Business
Dietary System,Cordia,GCC Cordia Infrastructure,GCC Digital Dev Team
Digital Sprite Lite Viewer,Desktop,GCC Desktop Model Office,DLM Scotland
Document Management (Docs),Glasgow Life,GCC Glasgow Life Apps,GCC Line of Business
Dragon,Desktop,GCC Desktop Model Office,DLM Scotland
Dragon Naturally Speaking Professional v11,Desktop,GCC Desktop Model Office,DLM Scotland
Draw X6,Desktop,GCC Desktop Model Office,DLM Scotland
Duty Dashboard,Cordia,GCC Cordia Infrastructure,GCC Digital Dev Team
EasyLog,Desktop,GCC Desktop Model Office,DLM Scotland
Easytac,Desktop,GCC Desktop Model Office,DLM Scotland
ECC v6.0,SAP,GCC SAP,CORP SAP
eCitizen (Capita Connect),Finance,GCC Fin & Citizen,GCC Citizen Centric
EDIX CCT Camera-Scottish Communications (MyWitness),Parking,GCC Parking,Retired - (see DEMS360)
EDRMS - Livelink Client/server version (Web Dav),DocMan,GCC Document Management,CORP EDRMS
Ektron,Social Care,GCC Social Care,GCC Citizen Centric
Elected Members Caseload Management (aka GEMS),DocMan,GCC Document Management,CORP EDRMS
Election System v10.2.0.13,Finance,GCC Fin & Citizen,GCC Citizen Centric
Electoral Registration System v15.1.028,Finance,GCC Fin & Citizen,GCC Citizen Centric
ElReg (With BDE),Finance,GCC Fin & Citizen,GCC Citizen Centric
EMIT System,Glasgow Life,GCC Glasgow Life Apps,GCC Line of Business
EMIT v2.2,GenApps,GCC General Apps,GCC Line of Business
EncExtract,GenApps,GCC General Apps,GCC Line of Business
Encore @ GCU,Cordia,GCC Cordia Infrastructure,GCC Digital Dev Team
EndNote X5,Desktop,GCC Desktop Model Office,DLM Scotland
Energy ICT,Infrastructure,GCC Infrastructure Triage,GCC Infrastructure Triage
Energy Management System,Desktop,GCC Desktop Model Office,DLM Scotland
Enterprise Vault v10,Infrastructure,GCC Infrastructure Triage,GCC Infrastructure Triage
Epilog v3.0,GenApps,GCC General Apps,GCC Line of Business
EPOS,Glasgow Life,GCC Glasgow Life Apps,GCC Line of Business
EquipU,Desktop,GCC Desktop Model Office,DLM Scotland
Equitrac Office Suite v4.2.0,Infrastructure,GCC Infrastructure Triage,GCC Infrastructure Triage
eRouter,Cordia,GCC Cordia Infrastructure,GCC Digital Dev Team
eShot,Glasgow Life,GCC Glasgow Life Apps,GCC Line of Business
eSignerScotcash,Desktop,GCC Desktop Model Office,DLM Scotland
ESX v3.5i,Infrastructure,GCC Infrastructure Triage,GCC Infrastructure Triage
ETF Mobile App,iWeb,GCC iWeb,GCC Digital Dev Team
Ewgeco Data Uploader - Desktop,Desktop,GCC Desktop Model Office,DLM Scotland
Exceed,SAP,GCC SAP,CORP SAP
Exchange v2007,Infrastructure,GCC Infrastructure Triage,GCC Infrastructure Triage
Experian Payments Data manager,Desktop,GCC Desktop Model Office,DLM Scotland
Extranet (glextranet.glasgowlife.org.uk),Glasgow Life,GCC Glasgow Life Apps,GCC Line of Business
Eyecon,Parking,GCC Parking,GCC Line of Business
EzyTreev,GenApps,GCC General Apps,GCC Line of Business
Fastrak v10.0 A,GenApps,GCC General Apps,GCC Line of Business
FastStone Image Viewer,Desktop,GCC Desktop Model Office,DLM Scotland
FastStone Photo Resizer,Desktop,GCC Desktop Model Office,DLM Scotland
Feature Manipulation Engine (FME),GenApps,GCC General Apps,GCC Line of Business
Figtree,Finance,GCC Fin & Citizen,GCC Citizen Centric
Figweb,Finance,GCC Fin & Citizen,GCC Citizen Centric
FileMaker Pro,Desktop,GCC Desktop Model Office,DLM Scotland
FileZilla,Desktop,GCC Desktop Model Office,DLM Scotland
Finance Code Lookup,Glasgow Life,GCC Glasgow Life Apps,GCC Line of Business
FitzPeaks v32,GenApps,GCC General Apps,GCC Line of Business
Flash Player v12,Desktop,GCC Desktop Model Office,DLM Scotland
FlipShare,Desktop,GCC Desktop Model Office,DLM Scotland
Floodvue,GenApps,GCC General Apps,GCC Line of Business
FMEasy v11.2,iWeb,GCC iWeb,GCC Digital Dev Team
FMS,Finance,GCC Fin & Citizen,GCC Citizen Centric
Folio Views,Desktop,GCC Desktop Model Office,DLM Scotland
FSSnet v9.2,GenApps,GCC General Apps,GCC Line of Business
Fulezone Data Load,Cordia,GCC Cordia Infrastructure,GCC Digital Dev Team
Gatehouse,GenApps,GCC General Apps,GCC Line of Business
GBDC Formatter,SAP,GCC SAP,CORP SAP
GBG Bank Code Validation,Glasgow Life,GCC Glasgow Life Apps,GCC Line of Business
GBG QAS for MRM,Glasgow Life,GCC Glasgow Life Apps,GCC Line of Business
GC Solution,Desktop,GCC Desktop Model Office,DLM Scotland
GCMS,Desktop,GCC Desktop Model Office,DLM Scotland
Gemalto eSigner (Barclays),Desktop,GCC Desktop Model Office,DLM Scotland
Gemalto eSigner (BoS) 4.1.9,Desktop,GCC Desktop Model Office,DLM Scotland
Gemalto eSigner (RBS) 4.1.9,Desktop,GCC Desktop Model Office,DLM Scotland
GemPlus,GenApps,GCC General Apps,GCC Line of Business
GIFT v8,Finance,GCC Fin & Citizen,GCC Citizen Centric
GIS Council Land Ownership (LOIS),GenApps,GCC General Apps,GCC Line of Business
GIS Geotechnical Database,GenApps,GCC General Apps,GCC Line of Business
GIS Watercourse Management,GenApps,GCC General Apps,GCC Line of Business
Gladstone Management Console,Glasgow Life,GCC Glasgow Life Apps,GCC Line of Business
"GLAMIS - Licensing shortcuts (Taxi, liqour, Civic)",GenApps,GCC General Apps,GCC Line of Business
Glasgow Flowers,GenApps,GCC General Apps,GCC Line of Business
Glasgow Life Comments / Compliments,Glasgow Life,GCC Glasgow Life Apps,GCC Line of Business
Glasgow Life Web Platform - StormID ,Glasgow Life,GCC Glasgow Life Apps,GCC Line of Business
Glasgow Online,Education,GCC Level 2 Analysts,GCC Level 2 Analysts
Glasgow Online Sandbox,Education,GCC Level 2 Analysts,GCC Level 2 Analysts
GMS Exchange v8.2,GenApps,GCC General Apps,GCC Line of Business
Go Global (MEMEX),GenApps,GCC General Apps,GCC Line of Business
Google Chrome,Desktop,GCC Desktop Model Office,DLM Scotland
Google Earth Pro,Desktop,GCC Desktop Model Office,DLM Scotland
Google Earth Sketch Up,Desktop,GCC Desktop Model Office,DLM Scotland
GOSS iCM,iWeb,GCC iWeb,GCC Digital Dev Team
Grantfinder,GenApps,GCC General Apps,GCC Line of Business
Grants Administration,iWeb,GCC iWeb,GCC Digital Dev Team
GRC Access Control v5.3,SAP,GCC SAP,CORP SAP
Hand Arm Vibration System (HAVS),GenApps,GCC General Apps,GCC Line of Business
Hanwell EMS,Glasgow Life,GCC Glasgow Life Apps,GCC Line of Business
Health & Safety Incident Reporting System,Glasgow Life,GCC Glasgow Life Apps,GCC Line of Business
Health and Safety System,SAP,GCC SAP,CORP SAP
Help at Home,Cordia,GCC Cordia Infrastructure,GCC Digital Dev Team
Hevacomp,GenApps,GCC General Apps,GCC Line of Business
HoleBASE,GenApps,GCC General Apps,GCC Line of Business
Homecare,Cordia,GCC Cordia Infrastructure,GCC Digital Dev Team
Homecare Service History,Cordia,GCC Cordia Infrastructure,GCC Digital Dev Team
Homecarer Updater,Cordia,GCC Cordia Infrastructure,GCC Digital Dev Team
Homeloans,Finance,GCC Fin & Citizen,GCC Citizen Centric
Hours Worked vs Care Given Cube,Cordia,GCC Cordia Infrastructure,GCC Digital Dev Team
House Cleaning,Cordia,GCC Cordia Infrastructure,GCC Digital Dev Team
HR Establishment List,Cordia,GCC Cordia Infrastructure,GCC Digital Dev Team
Hugh Symons CD View,Desktop,GCC Desktop Model Office,DLM Scotland
Human Resources DW Load,Cordia,GCC Cordia Infrastructure,GCC Digital Dev Team
Iceberg,Cordia,GCC Cordia Infrastructure,GCC Digital Dev Team
IcePAC,Desktop,GCC Desktop Model Office,DLM Scotland
ID Pro v7,Desktop,GCC Desktop Model Office,DLM Scotland
Idox CICO,GenApps,GCC General Apps,GCC Line of Business
Idox Electronic Document Management System v4,GenApps,GCC General Apps,GCC Line of Business
Idox Enterprise For Uniform,GenApps,GCC General Apps,GCC Line of Business
Idox Enterprise Integration Extensions,GenApps,GCC General Apps,GCC Line of Business
Idox Jasper Kit Runtime,GenApps,GCC General Apps,GCC Line of Business
Idox mobile app for Building Standards,GenApps,GCC General Apps,GCC Line of Business
Idox Public Access v1.5,GenApps,GCC General Apps,GCC Line of Business
IDOX REDACT,GenApps,GCC General Apps,GCC Line of Business
IdoxScan,GenApps,GCC General Apps,GCC Line of Business
IES - VE MFC,Desktop,GCC Desktop Model Office,DLM Scotland
IIS Express,Desktop,GCC Desktop Model Office,DLM Scotland
Impact (aka iPayImpact),Cordia,GCC Cordia Infrastructure,GCC Digital Dev Team
INCA,Cordia,GCC Cordia Infrastructure,GCC Digital Dev Team
InfoView vXI Release 2,Glasgow Life,GCC Glasgow Life Apps,GCC Line of Business
Infraworks 360,Desktop,GCC Desktop Model Office,DLM Scotland
Insight v2.3,GenApps,GCC General Apps,GCC Line of Business
Integrated Environmental Solution,GenApps,GCC General Apps,GCC Line of Business
Interact Manager,GenApps,GCC General Apps,GCC Line of Business
Interface To GHA v2.6,Social Care,GCC Social Care,GCC Citizen Centric
Interface To SAP v17,Social Care,GCC Social Care,GCC Citizen Centric
Irfanview v4.30,Desktop,GCC Desktop Model Office,DLM Scotland
IRIS Laserforms,Desktop,GCC Desktop Model Office,DLM Scotland
iTeva,Desktop,GCC Desktop Model Office,DLM Scotland
iWorld v6.5.1,Social Care,GCC Social Care,GCC Citizen Centric
JAWS,Desktop,GCC Desktop Model Office,DLM Scotland
Job Management System - Fast Cad,GenApps,GCC General Apps,GCC Line of Business
Join @ Home,Glasgow Life,GCC Glasgow Life Apps,GCC Line of Business
Joule X Energy Saving Software,Infrastructure,GCC Infrastructure Triage,GCC Infrastructure Triage
Kelio,GenApps,GCC General Apps,GCC Line of Business
Kelvinhall Portal,Glasgow Life,GCC Glasgow Life Apps,GCC Line of Business
Kentico ICM,Cordia,GCC Cordia Infrastructure,GCC Digital Dev Team
Key Signals,GenApps,GCC General Apps,GCC Line of Business
KeyAccident,GenApps,GCC General Apps,GCC Line of Business
KeyAGS Licence Manager,GenApps,GCC General Apps,GCC Line of Business
KeyCSM,GenApps,GCC General Apps,GCC Line of Business
KeyGML,Desktop,GCC Desktop Model Office,DLM Scotland
KeyLines,GenApps,GCC General Apps,GCC Line of Business
KeyRoadworks,GenApps,GCC General Apps,GCC Line of Business
KeySign v17,GenApps,GCC General Apps,GCC Line of Business
Kinetic Insight (Park Lives),Glasgow Life,GCC Glasgow Life Apps,GCC Line of Business
LAB ICPMS,Desktop,GCC Desktop Model Office,DLM Scotland
Lagan,iWeb,GCC iWeb,GCC Digital Dev Team
Lagan (Desktop),iWeb,GCC iWeb,GCC Digital Dev Team
LAMIS,Finance,GCC Fin & Citizen,GCC Citizen Centric
Land Certificates Browser,GenApps,GCC General Apps,GCC Line of Business
Laser Control (LRC),Desktop,GCC Desktop Model Office,DLM Scotland
Laser Scan Scout,Desktop,GCC Desktop Model Office,DLM Scotland
Learn 2 Mobile,Glasgow Life,GCC Glasgow Life Apps,GCC Line of Business
Learn2,Glasgow Life,GCC Glasgow Life Apps,GCC Line of Business
Learn2 Staff,Glasgow Life,GCC Glasgow Life Apps,GCC Line of Business
Legal Time Recording,iWeb,GCC iWeb,GCC Digital Dev Team
Leica Geo Office Tools,Desktop,GCC Desktop Model Office,DLM Scotland
LES business portal  - Cars and  Events only,GenApps,GCC General Apps,GCC Line of Business
LES Servitor,GenApps,GCC General Apps,GCC Line of Business
Library Marketing Database,Glasgow Life,GCC Glasgow Life Apps,GCC Line of Business
Library Visitors,Glasgow Life,GCC Glasgow Life Apps,GCC Line of Business
Lighting Reality,GenApps,GCC General Apps,GCC Line of Business
Linguistics,Cordia,GCC Cordia Infrastructure,GCC Digital Dev Team
Linsig v3.0,GenApps,GCC General Apps,GCC Line of Business
Linux,Infrastructure,GCC Infrastructure Triage,GCC Infrastructure Triage
Lithoframe Viewer,GenApps,GCC General Apps,GCC Line of Business
Live Active,Glasgow Life,GCC Glasgow Life Apps,GCC Line of Business
LocatorHub,GenApps,GCC General Apps,GCC Line of Business
LOCTA,Finance,GCC Fin & Citizen,GCC Citizen Centric
Logotech,Finance,GCC Fin & Citizen,GCC Citizen Centric
Lord Provost Diary,iWeb,GCC iWeb,GCC Digital Dev Team
Lotus Notes v5.0,Desktop,GCC Desktop Model Office,DLM Scotland
LSCMI,Social Care,GCC Social Care,GCC Citizen Centric
Lusas Modeller (Sentinel),GenApps,GCC General Apps,GCC Line of Business
MaaS 360,Glasgow Life,GCC Glasgow Life Apps,GCC Line of Business
Mail Chimp,Glasgow Life,GCC Glasgow Life Apps,GCC Line of Business
Mailbook,GenApps,GCC General Apps,GCC Line of Business
MapInfo Professional,Desktop,GCC Desktop Model Office,DLM Scotland
Marcato,Glasgow Life,GCC Glasgow Life Apps,GCC Line of Business
Market Developer (CRM),Glasgow Life,GCC Glasgow Life Apps,GCC Line of Business
Masshunter,Desktop,GCC Desktop Model Office,DLM Scotland
Masterbill Elite,GenApps,GCC General Apps,GCC Line of Business
Mega Client App,Architecture,,
MEGA v2009,Architecture,,
Memory Map - PSMA/ OSMA National Coverage,Desktop,GCC Desktop Model Office,DLM Scotland
Metspec,Desktop,GCC Desktop Model Office,DLM Scotland
Microgen ID Systems Software 1.2,Desktop,GCC Desktop Model Office,DLM Scotland
Microsoft Office Standard,Desktop,GCC Desktop Model Office,DLM Scotland
Microsoft Office Standard (2013 w8),Desktop,GCC Desktop Model Office,DLM Scotland
Microsoft Office Taskworker,Desktop,GCC Desktop Model Office,DLM Scotland
Microstation v8,GenApps,GCC General Apps,GCC Line of Business
Microstation V8 XM Edition Software Prerequisite,GenApps,GCC General Apps,GCC Line of Business
MindGenius Business v2005,Desktop,GCC Desktop Model Office,DLM Scotland
Minitab,GenApps,GCC General Apps,GCC Line of Business
MIS Graphics,Desktop,GCC Desktop Model Office,DLM Scotland
MKInsight,Finance,GCC Fin & Citizen,GCC Citizen Centric
Mobile App - Class Bookings,Glasgow Life,GCC Glasgow Life Apps,GCC Line of Business
Mobile Pro,Glasgow Life,GCC Glasgow Life Apps,GCC Line of Business
Montie,Desktop,GCC Desktop Model Office,DLM Scotland
MRM Core System,Glasgow Life,GCC Glasgow Life Apps,GCC Line of Business
"MRM Online (Join@Home, Connect, Mobile Pro, Learn2)",Glasgow Life,GCC Glasgow Life Apps,GCC Line of Business
MS Direct Access,Infrastructure,GCC Infrastructure Triage,GCC Infrastructure Triage
Msoft Equipu Data Load,Cordia,GCC Cordia Infrastructure,GCC Digital Dev Team
MultiMIMSY,Glasgow Life,GCC Glasgow Life Apps,GCC Line of Business
Multisuite,GenApps,GCC General Apps,GCC Line of Business
Museums Digital Asset Cataloging,Glasgow Life,GCC Glasgow Life Apps,GCC Line of Business
Museums Survey System,Glasgow Life,GCC Glasgow Life Apps,GCC Line of Business
MWEB,Glasgow Life,GCC Glasgow Life Apps,GCC Line of Business
MX V8 XM Edition v8,Desktop,GCC Desktop Model Office,DLM Scotland
My Time,Cordia,GCC Cordia Infrastructure,GCC Digital Dev Team
MyPortal,SAP,GCC SAP,CORP SAP
Mystery Visitors,Glasgow Life,GCC Glasgow Life Apps,GCC Line of Business
MyWellness,Glasgow Life,GCC Glasgow Life Apps,GCC Line of Business
n4ce Designer Edition,GenApps,GCC General Apps,GCC Line of Business
natFX,Desktop,GCC Desktop Model Office,DLM Scotland
National Street Gazateer,GenApps,GCC General Apps,GCC Line of Business
NBS Building v5.5.3,GenApps,GCC General Apps,GCC Line of Business
NBS Landscape v5.5.3,GenApps,GCC General Apps,GCC Line of Business
NES Specification Expert BSE v3.1 2010,GenApps,GCC General Apps,GCC Line of Business
NetLoan,Glasgow Life,GCC Glasgow Life Apps,GCC Line of Business
Netweaver Portal v7.0,SAP,GCC SAP,CORP SAP
Network Analyst,GenApps,GCC General Apps,GCC Line of Business
Nice Administrator,Infrastructure,GCC Infrastructure Triage,GCC Infrastructure Triage
Nice Player Codec Pack,Infrastructure,GCC Infrastructure Triage,GCC Infrastructure Triage
NIST Search v1.7,GenApps,GCC General Apps,GCC Line of Business
Nmap for Windows (Zenmap GUI),Desktop,GCC Desktop Model Office,DLM Scotland
Noise Explorer v3.31,GenApps,GCC General Apps,GCC Line of Business
NOMAD,Glasgow Life,GCC Glasgow Life Apps,GCC Line of Business
Northgate Blue Badge Improvement Service,Social Care,GCC Social Care,GCC Citizen Centric
NVivo,GenApps,GCC General Apps,GCC Line of Business
NWBC NetWeaver Business Client,SAP,GCC SAP,CORP SAP
obelisk21.exe v2.01,Desktop,GCC Desktop Model Office,DLM Scotland
Objective Connect,Glasgow Life,GCC Glasgow Life Apps,GCC Line of Business
Octar Control,Parking,GCC Parking,GCC Line of Business
Office 365,Desktop,GCC Desktop Model Office,DLM Scotland
Officebase OBG-0,GenApps,GCC General Apps,GCC Line of Business
Ojmar,Glasgow Life,GCC Glasgow Life Apps,GCC Line of Business
Olympus Device Customisation Program,Desktop,GCC Desktop Model Office,DLM Scotland
Omnipage Professional,Desktop,GCC Desktop Model Office,DLM Scotland
OmniToc,GenApps,GCC General Apps,GCC Line of Business
One LAN,Glasgow Life,GCC Glasgow Life Apps,GCC Line of Business
Online Payments - Santander,Cordia,GCC Cordia Infrastructure,GCC Digital Dev Team
Open Galaxy,Glasgow Life,GCC Glasgow Life Apps,GCC Line of Business
Open Museum Database,Glasgow Life,GCC Glasgow Life Apps,GCC Line of Business
Opera,Desktop,GCC Desktop Model Office,DLM Scotland
Oracle Forms,Finance,GCC Fin & Citizen,GCC Citizen Centric
Oracle Forms 4.5 with Oracle Reports 2.5 - Cash Receipt,GenApps,GCC General Apps,GCC Line of Business
OSCADY,GenApps,GCC General Apps,GCC Line of Business
Outdoor Recreation Usage System,Glasgow Life,GCC Glasgow Life Apps,GCC Line of Business
Paintshop Pro x6,Desktop,GCC Desktop Model Office,DLM Scotland
Paramics Discovery,GenApps,GCC General Apps,GCC Line of Business
Paris Barcode,Finance,GCC Fin & Citizen,GCC Citizen Centric
Paris v3.0,Finance,GCC Fin & Citizen,GCC Citizen Centric
ParkMap,Parking,GCC Parking,GCC Line of Business
Pass Key,Glasgow Life,GCC Glasgow Life Apps,GCC Line of Business
Pavement Management System,GenApps,GCC General Apps,GCC Line of Business
P-Cards,SAP,GCC SAP,CORP SAP
PC-EFT v3.21,Finance,GCC Fin & Citizen,GCC Citizen Centric
PECOS Search,Glasgow Life,GCC Glasgow Life Apps,GCC Line of Business
PECOS v12.2,SAP,GCC SAP,CORP SAP
Perceptive Process,Desktop,GCC Desktop Model Office,DLM Scotland
Permits + Parking Gateway,Parking,GCC Parking,GCC Line of Business
Pesky Gnats,Desktop,GCC Desktop Model Office,DLM Scotland
Photomodeller Pro v5,Desktop,GCC Desktop Model Office,DLM Scotland
PICADY,GenApps,GCC General Apps,GCC Line of Business
Plancentric,iWeb,GCC iWeb,GCC Digital Dev Team
PNC v7,Social Care,GCC Social Care,GCC Citizen Centric
Powerdraft v8,GenApps,GCC General Apps,GCC Line of Business
PowerPoint Viewer,Desktop,GCC Desktop Model Office,DLM Scotland
Pplus,Cordia,GCC Cordia Infrastructure,GCC Digital Dev Team
Pplus Training,Cordia,GCC Cordia Infrastructure,GCC Digital Dev Team
Preview - Contract Management,Social Care,GCC Social Care,GCC Citizen Centric
Prodev 4020 series,Desktop,GCC Desktop Model Office,DLM Scotland
Property Asset Management,GenApps,GCC General Apps,GCC Line of Business
Propman,GenApps,GCC General Apps,GCC Line of Business
Propman - JBG,GenApps,GCC General Apps,GCC Line of Business
Protos Personal 8,Desktop,GCC Desktop Model Office,DLM Scotland
Public Holiday Letters,Cordia,GCC Cordia Infrastructure,GCC Digital Dev Team
Pulse SSC Helpdesk v1.19,SAP,GCC SAP,CORP SAP
QAS (used by Remedy - contract lists the instance used by SAP),GenApps,GCC General Apps,GCC Line of Business
Q-Matic Orchestra,Finance,GCC Fin & Citizen,GCC Citizen Centric
Q-pulse,GenApps,GCC General Apps,GCC Line of Business
QPulse Docuviewer,GenApps,GCC General Apps,GCC Line of Business
Qtegra,Desktop,GCC Desktop Model Office,DLM Scotland
Quality Assessments,Glasgow Life,GCC Glasgow Life Apps,GCC Line of Business
QuickAddressPro,SAP,GCC SAP,CORP SAP
Radiolog for Museums,Glasgow Life,GCC Glasgow Life Apps,GCC Line of Business
radiusFDMS v13.10,Finance,GCC Fin & Citizen,GCC Citizen Centric
Raiser's Edge Hosted,Glasgow Life,GCC Glasgow Life Apps,GCC Line of Business
Raiser's Edge NXT,Glasgow Life,GCC Glasgow Life Apps,GCC Line of Business
Reablement,Cordia,GCC Cordia Infrastructure,GCC Digital Dev Team
Reablement Top Line application,Cordia,GCC Cordia Infrastructure,GCC Digital Dev Team
Read & Write Gold,Desktop,GCC Desktop Model Office,DLM Scotland
ReadIris Pro v12,Desktop,GCC Desktop Model Office,DLM Scotland
Real Player v10,Desktop,GCC Desktop Model Office,DLM Scotland
Recorder,Glasgow Life,GCC Glasgow Life Apps,GCC Line of Business
Records Management,DocMan,GCC Document Management,CORP EDRMS
Records Management (Foxpro),Glasgow Life,GCC Glasgow Life Apps,GCC Line of Business
REDNC NetBackup 10,Infrastructure,GCC Infrastructure Triage,GCC Infrastructure Triage
REDNC NetBackup Client 10,Infrastructure,GCC Infrastructure Triage,GCC Infrastructure Triage
Refuse Collection and Recycling Systemas per Land & Environmental Services,GenApps,GCC General Apps,GCC Line of Business
Registers Direct,GenApps,GCC General Apps,GCC Line of Business
Registrars Booking System,GenApps,GCC General Apps,GCC Line of Business
Remedy SP2 7.5,GenApps,GCC General Apps,GCC Line of Business
Rialto,Parking,GCC Parking,GCC Line of Business
Ringo,Parking,GCC Parking,GCC Line of Business
Ripac,GenApps,GCC General Apps,GCC Line of Business
Risk Based Verification Scoring Solution,Finance,GCC Fin & Citizen,GCC Citizen Centric
RootsMagic v4,Desktop,GCC Desktop Model Office,DLM Scotland
Routesmart for ArcGIS,GenApps,GCC General Apps,GCC Line of Business
RouteSmart Navigator,GenApps,GCC General Apps,GCC Line of Business
Routine Maintenance System,GenApps,GCC General Apps,GCC Line of Business
Saffron Housing v7.0,GenApps,GCC General Apps,GCC Line of Business
SAGE 200,Glasgow Life,GCC Glasgow Life Apps,GCC Line of Business
Sage 50 Accounts 2013,Desktop,GCC Desktop Model Office,DLM Scotland
SAGE CRM,Glasgow Life,GCC Glasgow Life Apps,GCC Line of Business
Sage instant accounts,Finance,GCC Fin & Citizen,GCC Citizen Centric
Sage Payroll 50,Finance,GCC Fin & Citizen,GCC Citizen Centric
Sage Reporting Data Load,Cordia,GCC Cordia Infrastructure,GCC Digital Dev Team
Sage200Desktop (CGW),Finance,GCC Fin & Citizen,GCC Citizen Centric
SAM 6,Desktop,GCC Desktop Model Office,DLM Scotland
SAM-LEAP5,GenApps,GCC General Apps,GCC Line of Business
SAND,GenApps,GCC General Apps,GCC Line of Business
SAP BExAnalyser,SAP,GCC SAP,CORP SAP
SAP Extended ECM 9.7.1 by Open Text,DocMan,GCC Document Management,CORP EDRMS
SAP Fiori,SAP,GCC SAP,CORP SAP
SAP Front End PIMS,SAP,GCC SAP,CORP SAP
SAP GUI – Business Warehouse,Data Analytics,GCC SAP BIA,CORP Data Analytics Team
SAP GUI – Production,SAP,GCC SAP,CORP SAP
SAP Nightly Load,Cordia,GCC Cordia Infrastructure,GCC Digital Dev Team
SAP PI,SAP,GCC SAP,CORP SAP
SAP PIMS,SAP,GCC SAP,CORP SAP
SASPAC v9,GenApps,GCC General Apps,GCC Line of Business
Saturn v10.6.14,GenApps,GCC General Apps,GCC Line of Business
SBClient,GenApps,GCC General Apps,GCC Line of Business
SCALE v4.51,GenApps,GCC General Apps,GCC Line of Business
Scandall,Desktop,GCC Desktop Model Office,DLM Scotland
Scanfile,GenApps,GCC General Apps,GCC Line of Business
SCCM Management Console,Software Ops,GCC Desktop Model Office,DLM Scotland
Schedule Anywhere,Glasgow Life,GCC Glasgow Life Apps,GCC Line of Business
School Monitoring,Cordia,GCC Cordia Infrastructure,GCC Digital Dev Team
Schools POS solution,Desktop,GCC Desktop Model Office,DLM Scotland
SCI Gateway (GP Referral),Glasgow Life,GCC Glasgow Life Apps,GCC Line of Business
Scottish Property Network,GenApps,GCC General Apps,GCC Line of Business
Scottish Welfare Fund,Finance,GCC Fin & Citizen,GCC Citizen Centric
Screen Saver Factory software,Desktop,GCC Desktop Model Office,DLM Scotland
SEEMIS,Education,GCC Level 2 Analysts,GCC Level 2 Analysts
Self Assessment System,Glasgow Life,GCC Glasgow Life Apps,GCC Line of Business
Serif MoviePlus X5,Desktop,GCC Desktop Model Office,DLM Scotland
Serif PagePlus 9,Desktop,GCC Desktop Model Office,DLM Scotland
Service User Documents,Cordia,GCC Cordia Infrastructure,GCC Digital Dev Team
Shift Track Adjuster,GenApps,GCC General Apps,GCC Line of Business
Shift Track Admin tools,GenApps,GCC General Apps,GCC Line of Business
Shiftrack v5.5.2,GenApps,GCC General Apps,GCC Line of Business
Sickness Absence,Cordia,GCC Cordia Infrastructure,GCC Digital Dev Team
SignPlot,GenApps,GCC General Apps,GCC Line of Business
Simplesync,Infrastructure,GCC Infrastructure Triage,GCC Infrastructure Triage
Site Kiosk,Desktop,GCC Desktop Model Office,DLM Scotland
Situator (aka Nice Situator),Parking,GCC Parking,GCC Line of Business
Sketch Up Professional v8,Desktop,GCC Desktop Model Office,DLM Scotland
SkiData v22.00.05,Parking,GCC Parking,GCC Line of Business
Skipman 38657,GenApps,GCC General Apps,GCC Line of Business
Slope v12,GenApps,GCC General Apps,GCC Line of Business
Smart Board Tools,Parking,GCC Parking,GCC Line of Business
Smart Survey,Glasgow Life,GCC Glasgow Life Apps,GCC Line of Business
Social Work Standby,Social Care,GCC Social Care,GCC Citizen Centric
Social Work Standby (Client Index),Social Care,GCC Social Care,GCC Citizen Centric
Social Work Welfare Appeal,iWeb,GCC iWeb,GCC Digital Dev Team
Software Organiser v5.2.1,Software Ops,GCC Desktop Model Office,DLM Scotland
Sophos Anti-Virus v7.6.21,Infrastructure,GCC Infrastructure Triage,GCC Infrastructure Triage
Sophos End Point Encryption,Infrastructure,GCC Infrastructure Triage,GCC Infrastructure Triage
Sophos Enterprise Management Console,Infrastructure,GCC Infrastructure Triage,GCC Infrastructure Triage
SoundPLAN,GenApps,GCC General Apps,GCC Line of Business
S-Paramics,GenApps,GCC General Apps,GCC Line of Business
Spark People,Cordia,GCC Cordia Infrastructure,GCC Digital Dev Team
Spiceworks,Cordia,GCC Cordia Infrastructure,GCC Digital Dev Team
Sports Kiosks,Glasgow Life,GCC Glasgow Life Apps,GCC Line of Business
Sprout Social,Glasgow Life,GCC Glasgow Life Apps,GCC Line of Business
SPSS Statistics v22,GenApps,GCC General Apps,GCC Line of Business
Staff Rota System (Cultural venues),Glasgow Life,GCC Glasgow Life Apps,GCC Line of Business
Staff Rota System (Mitchell),Glasgow Life,GCC Glasgow Life Apps,GCC Line of Business
StartMap Customised Desktop v9.3.1,Desktop,GCC Desktop Model Office,DLM Scotland
Strand Election Management System (SEMS),Finance,GCC Fin & Citizen,GCC Citizen Centric
Strandview v10.1.3.2,Finance,GCC Fin & Citizen,GCC Citizen Centric
Streamline,Glasgow Life,GCC Glasgow Life Apps,GCC Line of Business
Streetserve,GenApps,GCC General Apps,GCC Line of Business
Streetwise Professional,GenApps,GCC General Apps,GCC Line of Business
Structures Management System v11303,GenApps,GCC General Apps,GCC Line of Business
StruWalker,Desktop,GCC Desktop Model Office,DLM Scotland
Struxureware,Glasgow Life,GCC Glasgow Life Apps,GCC Line of Business
Sundry Debtors,SAP,GCC SAP,CORP SAP
SupplierPortal,SAP,GCC SAP,CORP SAP
Surfer v8,GenApps,GCC General Apps,GCC Line of Business
Survey Monkey,Glasgow Life,GCC Glasgow Life Apps,GCC Line of Business
Switch Reader,Desktop,GCC Desktop Model Office,DLM Scotland
SyBase Adaptive Sever Enterprise Suite,SAP,GCC SAP,CORP SAP
Symantec VIP Access,Infrastructure,GCC Infrastructure Triage,GCC Infrastructure Triage
Symmetry v7,Desktop,GCC Desktop Model Office,DLM Scotland
Talentlink,Cordia,GCC Cordia Infrastructure,GCC Digital Dev Team
TASS Mobile App,Cordia,GCC Cordia Infrastructure,GCC Digital Dev Team
Tass Reporting Data Load,Cordia,GCC Cordia Infrastructure,GCC Digital Dev Team
Taxi Complaints System,iWeb,GCC iWeb,GCC Digital Dev Team
Taxi Enforcement System,GenApps,GCC General Apps,GCC Line of Business
Technical Indexes,GenApps,GCC General Apps,GCC Line of Business
TEDDS,GenApps,GCC General Apps,GCC Line of Business
Tekla,GenApps,GCC General Apps,GCC Line of Business
Tenable Nessus,Architecture,,
TensarSoil,Desktop,GCC Desktop Model Office,DLM Scotland
TerraExplorer v5,GenApps,GCC General Apps,GCC Line of Business
Thermo Plasma Lab v2.6,GenApps,GCC General Apps,GCC Line of Business
ThirdLight,Glasgow Life,GCC Glasgow Life Apps,GCC Line of Business
Time Management,Cordia,GCC Cordia Infrastructure,GCC Digital Dev Team
Timeplan fuel Systems,GenApps,GCC General Apps,GCC Line of Business
TMS GUI,Parking,GCC Parking,GCC Line of Business
TMS Web App,Parking,GCC Parking,GCC Line of Business
Toolminder,GenApps,GCC General Apps,GCC Line of Business
Total Land Charges (FPE),GenApps,GCC General Apps,GCC Line of Business
Totem Ticket Software v1.21,GenApps,GCC General Apps,GCC Line of Business
TrackPro,Desktop,GCC Desktop Model Office,DLM Scotland
TrackYou,GenApps,GCC General Apps,GCC Line of Business
TrafficSync,Parking,GCC Parking,GCC Line of Business
Trajet - Disk Reader / Skills Package,Desktop,GCC Desktop Model Office,DLM Scotland
Trajet Everec codec,Desktop,GCC Desktop Model Office,DLM Scotland
Trakpro,Desktop,GCC Desktop Model Office,DLM Scotland
Transport,Cordia,GCC Cordia Infrastructure,GCC Digital Dev Team
Transport Management System,GenApps,GCC General Apps,GCC Line of Business
TRANSYT,GenApps,GCC General Apps,GCC Line of Business
Treesize Professional,Infrastructure,GCC Infrastructure Triage,GCC Infrastructure Triage
Trend 963,Glasgow Life,GCC Glasgow Life Apps,GCC Line of Business
TRICS v2005,GenApps,GCC General Apps,GCC Line of Business
TRP,Glasgow Life,GCC Glasgow Life Apps,GCC Line of Business
TRP Integration Client,Glasgow Life,GCC Glasgow Life Apps,GCC Line of Business
Turbomass,GenApps,GCC General Apps,GCC Line of Business
Turbomass NIST 2011 v2.3.0,GenApps,GCC General Apps,GCC Line of Business
UKFSS Desktop,Desktop,GCC Desktop Model Office,DLM Scotland
UMBRACO CRM,Glasgow Life,GCC Glasgow Life Apps,GCC Line of Business
Uniform Automated Email,GenApps,GCC General Apps,GCC Line of Business
Uniform v10.0.4,GenApps,GCC General Apps,GCC Line of Business
UpShot,Glasgow Life,GCC Glasgow Life Apps,GCC Line of Business
Urban Model,GenApps,GCC General Apps,GCC Line of Business
VATC / SCOOT / ASTRID / INGRID,Parking,GCC Parking,GCC Line of Business
vCentre,Infrastructure,GCC Infrastructure Triage,GCC Infrastructure Triage
Vehicle Data Analyser Pro,Desktop,GCC Desktop Model Office,DLM Scotland
Vehicle ID Creation Solution,Desktop,GCC Desktop Model Office,DLM Scotland
Vibrock,Desktop,GCC Desktop Model Office,DLM Scotland
Video Capture Web Hosting Solution,iWeb,GCC iWeb,GCC Digital Dev Team
View 8i,Desktop,GCC Desktop Model Office,DLM Scotland
VIP Creative Cloud,Desktop,GCC Desktop Model Office,DLM Scotland
Visio Professional v2010,Desktop,GCC Desktop Model Office,DLM Scotland
Visio Standard v2010,Desktop,GCC Desktop Model Office,DLM Scotland
Visio Viewer v2010,Desktop,GCC Desktop Model Office,DLM Scotland
Vision (aka Nice Vision),Parking,GCC Parking,GCC Line of Business
Vision 32 v3.1,GenApps,GCC General Apps,GCC Line of Business
Vision Pro,Desktop,GCC Desktop Model Office,DLM Scotland
VISSIM,GenApps,GCC General Apps,GCC Line of Business
VMware Horizon View Client,Infrastructure,GCC Infrastructure Triage,GCC Infrastructure Triage
VMware Vsphere client v5.1,Infrastructure,GCC Infrastructure Triage,GCC Infrastructure Triage
Vmware Workstation,Infrastructure,GCC Infrastructure Triage,GCC Infrastructure Triage
Vodafone Paging,Infrastructure,GCC Infrastructure Triage,GCC Infrastructure Triage
Vodafone Secure Device Manager (VSDM),Desktop,GCC Desktop Model Office,DLM Scotland
Vodaphone Meeting Center,Desktop,GCC Desktop Model Office,DLM Scotland
Volunteer Kinetic,Glasgow Life,GCC Glasgow Life Apps,GCC Line of Business
V-Ray,Desktop,GCC Desktop Model Office,DLM Scotland
VRS - Virtual ReScan,Desktop,GCC Desktop Model Office,DLM Scotland
"WDM Client 1.1.1 (PMS, RMS, LMS & SMS)",GenApps,GCC General Apps,GCC Line of Business
WDM Crystal Reports 1.0.1,GenApps,GCC General Apps,GCC Line of Business
WDM Lighting Management System,GenApps,GCC General Apps,GCC Line of Business
WDM Vic 2,GenApps,GCC General Apps,GCC Line of Business
WDM_VIC3,GenApps,GCC General Apps,GCC Line of Business
Weighbridge 38685,GenApps,GCC General Apps,GCC Line of Business
Weighbridge Interface v38685,Finance,GCC Fin & Citizen,GCC Citizen Centric
Weighbridge Interface v38685,GenApps,GCC General Apps,GCC Line of Business
Whitespace (Conventions Web Site),Glasgow Life,GCC Glasgow Life Apps,GCC Line of Business
Wide Image,Desktop,GCC Desktop Model Office,DLM Scotland
WinDES,Desktop,GCC Desktop Model Office,DLM Scotland
Windows 7,Infrastructure,GCC Infrastructure Triage,GCC Infrastructure Triage
WinRar,Desktop,GCC Desktop Model Office,DLM Scotland
Winscribe,GenApps,GCC General Apps,GCC Line of Business
Winwedge 32 Pro,GenApps,GCC General Apps,GCC Line of Business
Wireshark,Infrastructure,GCC Infrastructure Triage,GCC Infrastructure Triage
Wordbar v2,Desktop,GCC Desktop Model Office,DLM Scotland
"Workflow 360 (ex aka DIPS, Comino)",Finance,GCC Fin & Citizen,GCC Citizen Centric
"Workflow 360 (ex aka DIPS, Comino)",Finance,GCC Fin & Citizen,GCC Citizen Centric
World Pay,Glasgow Life,GCC Glasgow Life Apps,GCC Line of Business
Your Support Your Way,Social Care,GCC Social Care,GCC Citizen Centric
ZenGrab Review v1.0 (Bus Lane Camera's),Parking,GCC Parking,GCC Line of Business
Zoomtext v10,Desktop,GCC Desktop Model Office,DLM Scotland
